{
    "$schema": "http://schema.management.azure.com/schemas/2015-01-01/deploymentTemplate.json#",
    "contentVersion": "1.0.0.0",
    "parameters": {
        "factoryName": {
            "type": "string",
            "metadata": "Data Factory name",
            "defaultValue": "adf4tips2020"
        }
    },
    "variables": {
        "factoryId": "[concat('Microsoft.DataFactory/factories/', parameters('factoryName'))]"
    },
    "resources": [
        {
            "name": "[concat(parameters('factoryName'), '/WDF_UPSERT_FACT_INTERNET_SALES')]",
            "type": "Microsoft.DataFactory/factories/dataflows",
            "apiVersion": "2018-06-01",
            "properties": {
                "type": "WranglingDataFlow",
                "typeProperties": {
                    "sources": [
                        {
                            "name": "FX_STAGE_FACT_INTERNET_SALES",
                            "script": "",
                            "dataset": {
                                "referenceName": "FX_STAGE_FACT_INTERNET_SALES",
                                "type": "DatasetReference"
                            }
                        },
                        {
                            "name": "FX_DBO_FACT_INTERNET_SALES",
                            "script": "",
                            "dataset": {
                                "referenceName": "FX_DBO_FACT_INTERNET_SALES",
                                "type": "DatasetReference"
                            }
                        }
                    ],
                    "sinks": [
                        {
                            "name": "Sink1",
                            "dataset": {
                                "referenceName": "FX_DBO_FACT_INTERNET_SALES",
                                "type": "DatasetReference"
                            },
                            "script": "sink(input(\n\t\tProductKey as integer,\n\t\tOrderDateKey as integer,\n\t\tDueDateKey as integer,\n\t\tShipDateKey as integer,\n\t\tCustomerKey as integer,\n\t\tPromotionKey as integer,\n\t\tCurrencyKey as integer,\n\t\tSalesTerritoryKey as integer,\n\t\tSalesOrderNumber as string,\n\t\tSalesOrderLineNumber as integer,\n\t\tRevisionNumber as integer,\n\t\tOrderQuantity as integer,\n\t\tUnitPrice as float,\n\t\tExtendedAmount as float,\n\t\tUnitPriceDiscountPct as double,\n\t\tDiscountAmount as double,\n\t\tProductStandardCost as float,\n\t\tTotalProductCost as float,\n\t\tSalesAmount as float,\n\t\tTaxAmt as float,\n\t\tFreight as float,\n\t\tCarrierTrackingNumber as string,\n\t\tCustomerPONumber as string,\n\t\tOrderDate as timestamp,\n\t\tDueDate as timestamp,\n\t\tShipDate as timestamp\n\t),\n\tallowSchemaDrift: true,\n\tvalidateSchema: false,\n\tdeletable:false,\n\tinsertable:true,\n\tupdateable:false,\n\tupsertable:false,\n\ttruncate:true,\n\tformat: 'table',\n\tskipDuplicateMapInputs: true,\n\tskipDuplicateMapOutputs: true) ~> Sink1"
                        }
                    ],
                    "script": "section Section1;\r\nshared FX_STAGE_FACT_INTERNET_SALES = let\r\n  AdfDoc = Sql.Database(\"svr4tips2020.database.windows.net\", \"dbs4advwrks\"),\r\n  InputTable = AdfDoc{[Schema = \"stage\", Item = \"vFactInternetSales\"]}[Data]\r\nin\r\n  InputTable;\r\nshared FX_DBO_FACT_INTERNET_SALES = let\r\n  AdfDoc = Sql.Database(\"svr4tips2020.database.windows.net\", \"dbs4advwrks\"),\r\n  InputTable = AdfDoc{[Schema = \"dbo\", Item = \"vFactInternetSales\"]}[Data]\r\nin\r\n  InputTable;\r\nshared UserQuery = let\r\n  Source = FX_DBO_FACT_INTERNET_SALES,\r\n  #\"Merged queries\" = Table.NestedJoin(Source, {\"SalesOrderNumber\", \"SalesOrderLineNumber\"}, FX_STAGE_FACT_INTERNET_SALES, {\"SalesOrderNumber\", \"SalesOrderLineNumber\"}, \"FX_STAGE_FACT_INTERNET_SALES\", JoinKind.LeftOuter),\r\n  #\"Expanded FX_STAGE_FACT_INTERNET_SALES\" = Table.ExpandTableColumn(#\"Merged queries\", \"FX_STAGE_FACT_INTERNET_SALES\", {\"SalesOrderNumber\"}, {\"FX_STAGE_FACT_INTERNET_SALES.SalesOrderNumber\"}),\r\n  #\"Renamed columns\" = Table.RenameColumns(#\"Expanded FX_STAGE_FACT_INTERNET_SALES\", {{\"FX_STAGE_FACT_INTERNET_SALES.SalesOrderNumber\", \"MatchIndicator\"}}),\r\n  #\"Added custom\" = Table.AddColumn(#\"Renamed columns\", \"KeepRow\", each if [MatchIndicator] = null then 1 else 0),\r\n  #\"Filtered rows\" = Table.SelectRows(#\"Added custom\", each [KeepRow] = 1),\r\n  #\"Removed columns\" = Table.RemoveColumns(#\"Filtered rows\", {\"MatchIndicator\", \"KeepRow\"})\r\nin\r\n  #\"Removed columns\";\r\n"
                }
            },
            "dependsOn": []
        },
        {
            "name": "[concat(parameters('factoryName'), '/01_PL_TRANS_SODA_TELEMETRY')]",
            "type": "Microsoft.DataFactory/factories/pipelines",
            "apiVersion": "2018-06-01",
            "properties": {
                "activities": [
                    {
                        "name": "ACT_GEN_LKP_WATERMARK",
                        "type": "Lookup",
                        "dependsOn": [],
                        "policy": {
                            "timeout": "7.00:00:00",
                            "retry": 0,
                            "retryIntervalInSeconds": 30,
                            "secureOutput": false,
                            "secureInput": false
                        },
                        "userProperties": [],
                        "typeProperties": {
                            "source": {
                                "type": "AzureSqlSource",
                                "sqlReaderQuery": "select [process_date_hour] from [stage].[current_watermark]",
                                "queryTimeout": "00:05:00"
                            },
                            "dataset": {
                                "referenceName": "DS_ASQL_SLOT_EVENTS",
                                "type": "DatasetReference",
                                "parameters": {}
                            }
                        }
                    },
                    {
                        "name": "ACT_GEN_SETVAR_DATA_DIR",
                        "type": "SetVariable",
                        "dependsOn": [
                            {
                                "activity": "ACT_GEN_LKP_WATERMARK",
                                "dependencyConditions": [
                                    "Succeeded"
                                ]
                            }
                        ],
                        "userProperties": [],
                        "typeProperties": {
                            "variableName": "DATA_DIR",
                            "value": {
                                "value": "@concat('logs/',substring(replace(replace(string(activity('ACT_GEN_LKP_WATERMARK').output.firstRow), '-', '/'), 'T', '/'), 22, 13))",
                                "type": "Expression"
                            }
                        }
                    },
                    {
                        "name": "PL_TRANS_SODA_TELEMETRY",
                        "type": "Copy",
                        "dependsOn": [
                            {
                                "activity": "ACT_GEN_SETVAR_DATA_DIR",
                                "dependencyConditions": [
                                    "Succeeded"
                                ]
                            }
                        ],
                        "policy": {
                            "timeout": "0.00:20:00",
                            "retry": 0,
                            "retryIntervalInSeconds": 30,
                            "secureOutput": false,
                            "secureInput": false
                        },
                        "userProperties": [],
                        "typeProperties": {
                            "source": {
                                "type": "JsonSource",
                                "storeSettings": {
                                    "type": "AzureBlobStorageReadSettings",
                                    "recursive": true,
                                    "wildcardFileName": "*.json",
                                    "enablePartitionDiscovery": false
                                }
                            },
                            "sink": {
                                "type": "AzureSqlSink",
                                "preCopyScript": "TRUNCATE TABLE [STAGE].[SLOT_EVENTS]",
                                "disableMetricsCollection": false
                            },
                            "enableStaging": false,
                            "translator": {
                                "type": "TabularTranslator",
                                "mappings": [
                                    {
                                        "source": {
                                            "path": "$['Slot_Id']"
                                        },
                                        "sink": {
                                            "name": "slot_id",
                                            "type": "String"
                                        }
                                    },
                                    {
                                        "source": {
                                            "path": "$['Machine_Id']"
                                        },
                                        "sink": {
                                            "name": "machine_id",
                                            "type": "String"
                                        }
                                    },
                                    {
                                        "source": {
                                            "path": "$['Product_Id']"
                                        },
                                        "sink": {
                                            "name": "product_id",
                                            "type": "String"
                                        }
                                    },
                                    {
                                        "source": {
                                            "path": "$['Date_Time']"
                                        },
                                        "sink": {
                                            "name": "event_dt",
                                            "type": "String"
                                        }
                                    },
                                    {
                                        "source": {
                                            "path": "$['Vend_Count']"
                                        },
                                        "sink": {
                                            "name": "vend_cnt",
                                            "type": "String"
                                        }
                                    }
                                ]
                            }
                        },
                        "inputs": [
                            {
                                "referenceName": "DS_ABLB_SODA_TELEMETRY",
                                "type": "DatasetReference",
                                "parameters": {
                                    "VAR_DIR": {
                                        "value": "@variables('DATA_DIR')",
                                        "type": "Expression"
                                    }
                                }
                            }
                        ],
                        "outputs": [
                            {
                                "referenceName": "DS_ASQL_SLOT_EVENTS",
                                "type": "DatasetReference",
                                "parameters": {}
                            }
                        ]
                    },
                    {
                        "name": "ACT_GEN_SPRC_UPSERT_SLOT_EVENTS",
                        "type": "SqlServerStoredProcedure",
                        "dependsOn": [
                            {
                                "activity": "PL_TRANS_SODA_TELEMETRY",
                                "dependencyConditions": [
                                    "Succeeded"
                                ]
                            }
                        ],
                        "policy": {
                            "timeout": "0.00:20:00",
                            "retry": 0,
                            "retryIntervalInSeconds": 30,
                            "secureOutput": false,
                            "secureInput": false
                        },
                        "userProperties": [],
                        "typeProperties": {
                            "storedProcedureName": "[[stage].[upsert_slot_events]"
                        },
                        "linkedServiceName": {
                            "referenceName": "LS_AZ_SQLDB",
                            "type": "LinkedServiceReference"
                        }
                    },
                    {
                        "name": "ACT_GEN_SPRC_INCREMENT_WATERMARK",
                        "type": "SqlServerStoredProcedure",
                        "dependsOn": [
                            {
                                "activity": "ACT_GEN_SPRC_UPSERT_SLOT_EVENTS",
                                "dependencyConditions": [
                                    "Succeeded"
                                ]
                            }
                        ],
                        "policy": {
                            "timeout": "0.00:05:00",
                            "retry": 0,
                            "retryIntervalInSeconds": 30,
                            "secureOutput": false,
                            "secureInput": false
                        },
                        "userProperties": [],
                        "typeProperties": {
                            "storedProcedureName": "[[stage].[increment_watermark]"
                        },
                        "linkedServiceName": {
                            "referenceName": "LS_AZ_SQLDB",
                            "type": "LinkedServiceReference"
                        }
                    }
                ],
                "variables": {
                    "DATA_DIR": {
                        "type": "String",
                        "defaultValue": "logs/2020/03/28/02"
                    }
                },
                "annotations": []
            },
            "dependsOn": []
        },
        {
            "name": "[concat(parameters('factoryName'), '/02_PL_CHILD_FULL_TABLE_LOAD')]",
            "type": "Microsoft.DataFactory/factories/pipelines",
            "apiVersion": "2018-06-01",
            "properties": {
                "activities": [
                    {
                        "name": "ACT_MT_COPY_SRC_2_LAKE",
                        "description": "Copy source table to data lake parquet file.",
                        "type": "Copy",
                        "dependsOn": [
                            {
                                "activity": "ACT_GEN_SETVAR_SQL_STMT",
                                "dependencyConditions": [
                                    "Succeeded"
                                ]
                            }
                        ],
                        "policy": {
                            "timeout": "0.00:10:00",
                            "retry": 0,
                            "retryIntervalInSeconds": 30,
                            "secureOutput": false,
                            "secureInput": false
                        },
                        "userProperties": [],
                        "typeProperties": {
                            "source": {
                                "type": "SqlServerSource",
                                "queryTimeout": "00:10:00"
                            },
                            "sink": {
                                "type": "ParquetSink",
                                "storeSettings": {
                                    "type": "AzureBlobFSWriteSettings"
                                }
                            },
                            "enableStaging": false
                        },
                        "inputs": [
                            {
                                "referenceName": "DS_MSSQL_ADVWRKS_TABLE",
                                "type": "DatasetReference",
                                "parameters": {
                                    "VAR_SCHEMA": {
                                        "value": "@pipeline().parameters.VAR_SRC_SCHEMA",
                                        "type": "Expression"
                                    },
                                    "VAR_TABLE": {
                                        "value": "@pipeline().parameters.VAR_SRC_TABLE",
                                        "type": "Expression"
                                    }
                                }
                            }
                        ],
                        "outputs": [
                            {
                                "referenceName": "DS_ADLS2_PARQUET_FILE",
                                "type": "DatasetReference",
                                "parameters": {
                                    "VAR_PATH": {
                                        "value": "@pipeline().parameters.VAR_DL_PATH",
                                        "type": "Expression"
                                    },
                                    "VAR_ROOT": {
                                        "value": "@pipeline().parameters.VAR_DL_ROOT",
                                        "type": "Expression"
                                    },
                                    "VAR_FILE": {
                                        "value": "@variables('VAR_DL_FILE')",
                                        "type": "Expression"
                                    }
                                }
                            }
                        ]
                    },
                    {
                        "name": "ACT_MT_COPY_LAKE_2_DST",
                        "description": "Copy data lake parquet file to target table.",
                        "type": "Copy",
                        "dependsOn": [
                            {
                                "activity": "ACT_MT_COPY_SRC_2_LAKE",
                                "dependencyConditions": [
                                    "Succeeded"
                                ]
                            }
                        ],
                        "policy": {
                            "timeout": "0.00:10:00",
                            "retry": 0,
                            "retryIntervalInSeconds": 30,
                            "secureOutput": false,
                            "secureInput": false
                        },
                        "userProperties": [],
                        "typeProperties": {
                            "source": {
                                "type": "ParquetSource",
                                "storeSettings": {
                                    "type": "AzureBlobFSReadSettings",
                                    "recursive": true
                                }
                            },
                            "sink": {
                                "type": "AzureSqlSink",
                                "preCopyScript": {
                                    "value": "@{variables('VAR_SQL_STMT')}",
                                    "type": "Expression"
                                },
                                "disableMetricsCollection": false
                            },
                            "enableStaging": false
                        },
                        "inputs": [
                            {
                                "referenceName": "DS_ADLS2_PARQUET_FILE",
                                "type": "DatasetReference",
                                "parameters": {
                                    "VAR_PATH": {
                                        "value": "@pipeline().parameters.VAR_DL_PATH",
                                        "type": "Expression"
                                    },
                                    "VAR_ROOT": {
                                        "value": "@pipeline().parameters.VAR_DL_ROOT",
                                        "type": "Expression"
                                    },
                                    "VAR_FILE": {
                                        "value": "@variables('VAR_DL_FILE')",
                                        "type": "Expression"
                                    }
                                }
                            }
                        ],
                        "outputs": [
                            {
                                "referenceName": "DS_ASQL_ADVWRKS_TABLE",
                                "type": "DatasetReference",
                                "parameters": {
                                    "VAR_SCHEMA": {
                                        "value": "@pipeline().parameters.VAR_TRG_SCHEMA",
                                        "type": "Expression"
                                    },
                                    "VAR_TABLE": {
                                        "value": "@pipeline().parameters.VAR_TRG_TABLE",
                                        "type": "Expression"
                                    }
                                }
                            }
                        ]
                    },
                    {
                        "name": "ACT_GEN_SETVAR_DL_FILE",
                        "description": "Generate a unique file given schema, table and date.",
                        "type": "SetVariable",
                        "dependsOn": [],
                        "userProperties": [],
                        "typeProperties": {
                            "variableName": "VAR_DL_FILE",
                            "value": {
                                "value": "@concat( toLower(pipeline().parameters.VAR_DL_FN),  '.', replace(substring(utcnow(), 0, 10), '-', ''), '.', 'parquet')",
                                "type": "Expression"
                            }
                        }
                    },
                    {
                        "name": "ACT_GEN_SETVAR_SQL_STMT",
                        "description": "Clear the target table before loading data.",
                        "type": "SetVariable",
                        "dependsOn": [
                            {
                                "activity": "ACT_GEN_SETVAR_DL_FILE",
                                "dependencyConditions": [
                                    "Succeeded"
                                ]
                            }
                        ],
                        "userProperties": [],
                        "typeProperties": {
                            "variableName": "VAR_SQL_STMT",
                            "value": {
                                "value": "@concat('TRUNCATE TABLE ', pipeline().parameters.VAR_TRG_SCHEMA, '.', pipeline().parameters.VAR_TRG_TABLE)",
                                "type": "Expression"
                            }
                        }
                    }
                ],
                "parameters": {
                    "VAR_SRC_SCHEMA": {
                        "type": "string",
                        "defaultValue": "dbo"
                    },
                    "VAR_SRC_TABLE": {
                        "type": "string",
                        "defaultValue": "DimCustomer"
                    },
                    "VAR_TRG_SCHEMA": {
                        "type": "string",
                        "defaultValue": "dbo"
                    },
                    "VAR_TRG_TABLE": {
                        "type": "string",
                        "defaultValue": "DimCustomer"
                    },
                    "VAR_DL_ROOT": {
                        "type": "string",
                        "defaultValue": "sc4adls2020"
                    },
                    "VAR_DL_PATH": {
                        "type": "string",
                        "defaultValue": "datalake/bronze/dim/customer"
                    },
                    "VAR_DL_FN": {
                        "type": "string",
                        "defaultValue": "dbo.dimcustomer"
                    }
                },
                "variables": {
                    "VAR_DL_FILE": {
                        "type": "String"
                    },
                    "VAR_SQL_STMT": {
                        "type": "String"
                    }
                },
                "annotations": []
            },
            "dependsOn": []
        },
        {
            "name": "[concat(parameters('factoryName'), '/02_PL_CHILD_INCR_TABLE_LOAD')]",
            "type": "Microsoft.DataFactory/factories/pipelines",
            "apiVersion": "2018-06-01",
            "properties": {
                "activities": [
                    {
                        "name": "ACT_MT_COPY_SRC_2_LAKE",
                        "description": "Copy source table to data lake parquet file.",
                        "type": "Copy",
                        "dependsOn": [
                            {
                                "activity": "ACT_GEN_SETVAR_SQL_STMT2",
                                "dependencyConditions": [
                                    "Succeeded"
                                ]
                            }
                        ],
                        "policy": {
                            "timeout": "0.00:10:00",
                            "retry": 0,
                            "retryIntervalInSeconds": 30,
                            "secureOutput": false,
                            "secureInput": false
                        },
                        "userProperties": [],
                        "typeProperties": {
                            "source": {
                                "type": "SqlServerSource",
                                "sqlReaderQuery": {
                                    "value": "@variables('VAR_SQL_STMT2')",
                                    "type": "Expression"
                                },
                                "queryTimeout": "00:10:00"
                            },
                            "sink": {
                                "type": "ParquetSink",
                                "storeSettings": {
                                    "type": "AzureBlobFSWriteSettings"
                                }
                            },
                            "enableStaging": false
                        },
                        "inputs": [
                            {
                                "referenceName": "DS_MSSQL_ADVWRKS_TABLE",
                                "type": "DatasetReference",
                                "parameters": {}
                            }
                        ],
                        "outputs": [
                            {
                                "referenceName": "DS_ADLS2_PARQUET_FILE",
                                "type": "DatasetReference",
                                "parameters": {
                                    "VAR_PATH": {
                                        "value": "@pipeline().parameters.VAR_DL_PATH",
                                        "type": "Expression"
                                    },
                                    "VAR_ROOT": {
                                        "value": "@pipeline().parameters.VAR_DL_ROOT",
                                        "type": "Expression"
                                    },
                                    "VAR_FILE": {
                                        "value": "@variables('VAR_DL_FILE')",
                                        "type": "Expression"
                                    }
                                }
                            }
                        ]
                    },
                    {
                        "name": "ACT_MT_COPY_LAKE_2_DST",
                        "description": "Copy data lake parquet file to target table.",
                        "type": "Copy",
                        "dependsOn": [
                            {
                                "activity": "ACT_MT_COPY_SRC_2_LAKE",
                                "dependencyConditions": [
                                    "Succeeded"
                                ]
                            }
                        ],
                        "policy": {
                            "timeout": "0.00:10:00",
                            "retry": 0,
                            "retryIntervalInSeconds": 30,
                            "secureOutput": false,
                            "secureInput": false
                        },
                        "userProperties": [],
                        "typeProperties": {
                            "source": {
                                "type": "ParquetSource",
                                "storeSettings": {
                                    "type": "AzureBlobFSReadSettings",
                                    "recursive": true
                                }
                            },
                            "sink": {
                                "type": "AzureSqlSink",
                                "preCopyScript": {
                                    "value": "@{variables('VAR_SQL_STMT1')}",
                                    "type": "Expression"
                                },
                                "disableMetricsCollection": false
                            },
                            "enableStaging": false
                        },
                        "inputs": [
                            {
                                "referenceName": "DS_ADLS2_PARQUET_FILE",
                                "type": "DatasetReference",
                                "parameters": {
                                    "VAR_PATH": {
                                        "value": "@pipeline().parameters.VAR_DL_PATH",
                                        "type": "Expression"
                                    },
                                    "VAR_ROOT": {
                                        "value": "@pipeline().parameters.VAR_DL_ROOT",
                                        "type": "Expression"
                                    },
                                    "VAR_FILE": {
                                        "value": "@variables('VAR_DL_FILE')",
                                        "type": "Expression"
                                    }
                                }
                            }
                        ],
                        "outputs": [
                            {
                                "referenceName": "DS_ASQL_ADVWRKS_TABLE",
                                "type": "DatasetReference",
                                "parameters": {
                                    "VAR_SCHEMA": "stage",
                                    "VAR_TABLE": {
                                        "value": "@pipeline().parameters.VAR_TRG_TABLE",
                                        "type": "Expression"
                                    }
                                }
                            }
                        ]
                    },
                    {
                        "name": "ACT_GEN_SETVAR_DL_FILE",
                        "description": "Generate a unique file given schema, table and date.",
                        "type": "SetVariable",
                        "dependsOn": [],
                        "userProperties": [],
                        "typeProperties": {
                            "variableName": "VAR_DL_FILE",
                            "value": {
                                "value": "@concat( toLower(pipeline().parameters.VAR_DL_FN),  '.', replace(substring(utcnow(), 0, 10), '-', ''), '.', 'parquet')",
                                "type": "Expression"
                            }
                        }
                    },
                    {
                        "name": "ACT_GEN_SETVAR_SQL_STMT1",
                        "description": "Clear the target table before loading data.",
                        "type": "SetVariable",
                        "dependsOn": [
                            {
                                "activity": "ACT_GEN_SETVAR_DL_FILE",
                                "dependencyConditions": [
                                    "Succeeded"
                                ]
                            }
                        ],
                        "userProperties": [],
                        "typeProperties": {
                            "variableName": "VAR_SQL_STMT1",
                            "value": {
                                "value": "@concat('TRUNCATE TABLE ', 'stage', '.', pipeline().parameters.VAR_TRG_TABLE)",
                                "type": "Expression"
                            }
                        }
                    },
                    {
                        "name": "ACT_GEN_SPRC_UPSERT_DST_TABLE",
                        "type": "SqlServerStoredProcedure",
                        "dependsOn": [
                            {
                                "activity": "ACT_MT_COPY_LAKE_2_DST",
                                "dependencyConditions": [
                                    "Succeeded"
                                ]
                            }
                        ],
                        "policy": {
                            "timeout": "7.00:00:00",
                            "retry": 0,
                            "retryIntervalInSeconds": 30,
                            "secureOutput": false,
                            "secureInput": false
                        },
                        "userProperties": [],
                        "typeProperties": {
                            "storedProcedureName": {
                                "value": "@pipeline().parameters.VAR_POST_TSQL_TXT",
                                "type": "Expression"
                            }
                        },
                        "linkedServiceName": {
                            "referenceName": "LS_AZ_SQLDB",
                            "type": "LinkedServiceReference",
                            "parameters": {
                                "VAR_DBNAME": "dbs4advwrks"
                            }
                        }
                    },
                    {
                        "name": "ACT_GEN_SETVAR_SQL_STMT2",
                        "description": "Dynamic SELECT statement with WHERE clause",
                        "type": "SetVariable",
                        "dependsOn": [
                            {
                                "activity": "ACT_GEN_SETVAR_SQL_STMT1",
                                "dependencyConditions": [
                                    "Succeeded"
                                ]
                            }
                        ],
                        "userProperties": [],
                        "typeProperties": {
                            "variableName": "VAR_SQL_STMT2",
                            "value": {
                                "value": "@concat('SELECT * FROM [',pipeline().parameters.VAR_SRC_SCHEMA, '].[', pipeline().parameters.VAR_SRC_TABLE, '] WHERE [OrderDateKey] > ', pipeline().parameters.VAR_WATERMARK, ';')",
                                "type": "Expression"
                            }
                        }
                    }
                ],
                "parameters": {
                    "VAR_SRC_SCHEMA": {
                        "type": "string",
                        "defaultValue": "dbo"
                    },
                    "VAR_SRC_TABLE": {
                        "type": "string",
                        "defaultValue": "FactInternetSales"
                    },
                    "VAR_TRG_SCHEMA": {
                        "type": "string",
                        "defaultValue": "stage"
                    },
                    "VAR_TRG_TABLE": {
                        "type": "string",
                        "defaultValue": "FactInternetSales"
                    },
                    "VAR_DL_ROOT": {
                        "type": "string",
                        "defaultValue": "sc4adls2020"
                    },
                    "VAR_DL_PATH": {
                        "type": "string",
                        "defaultValue": "datalake/bronze/fact/internetsales"
                    },
                    "VAR_DL_FN": {
                        "type": "string",
                        "defaultValue": "fact.internetsales"
                    },
                    "VAR_WATERMARK": {
                        "type": "string",
                        "defaultValue": "19000101"
                    },
                    "VAR_POST_TSQL_TXT": {
                        "type": "string",
                        "defaultValue": "stage.UpsertFactInternetSales"
                    }
                },
                "variables": {
                    "VAR_DL_FILE": {
                        "type": "String"
                    },
                    "VAR_SQL_STMT1": {
                        "type": "String"
                    },
                    "VAR_SQL_STMT2": {
                        "type": "String"
                    }
                },
                "annotations": []
            },
            "dependsOn": []
        },
        {
            "name": "[concat(parameters('factoryName'), '/05_PL_MAPPING_DATAFLOW_4_AGG')]",
            "type": "Microsoft.DataFactory/factories/pipelines",
            "apiVersion": "2018-06-01",
            "properties": {
                "activities": [
                    {
                        "name": "MDF_AGG_SALES_DATA_4RPTS",
                        "type": "ExecuteDataFlow",
                        "dependsOn": [],
                        "policy": {
                            "timeout": "7.00:00:00",
                            "retry": 0,
                            "retryIntervalInSeconds": 30,
                            "secureOutput": false,
                            "secureInput": false
                        },
                        "userProperties": [],
                        "typeProperties": {
                            "dataflow": {
                                "referenceName": "MDF_AGG_SALES_DATA_4RPTS",
                                "type": "DataFlowReference",
                                "parameters": {},
                                "datasetParameters": {
                                    "SrcDataMartView": {},
                                    "DstSalesYearMonthRegion": {}
                                }
                            },
                            "staging": {},
                            "compute": {
                                "coreCount": 8,
                                "computeType": "General"
                            }
                        }
                    }
                ],
                "annotations": []
            },
            "dependsOn": []
        },
        {
            "name": "[concat(parameters('factoryName'), '/07_PL_WRANGLING_DATAFLOW_4_AGG')]",
            "type": "Microsoft.DataFactory/factories/pipelines",
            "apiVersion": "2018-06-01",
            "properties": {
                "activities": [
                    {
                        "name": "WDF_AGG_SALES_DATA_4RPTS",
                        "type": "ExecuteWranglingDataflow",
                        "dependsOn": [],
                        "policy": {
                            "timeout": "7.00:00:00",
                            "retry": 0,
                            "retryIntervalInSeconds": 30,
                            "secureOutput": false,
                            "secureInput": false
                        },
                        "userProperties": [],
                        "typeProperties": {
                            "dataflow": {
                                "referenceName": "WDF_AGG_SALES_DATA_4RPTS",
                                "type": "DataFlowReference",
                                "datasetParameters": {
                                    "FX_DATA_MART_VIEW": {},
                                    "Sink1": {}
                                }
                            },
                            "staging": {}
                        }
                    }
                ],
                "annotations": []
            },
            "dependsOn": []
        },
        {
            "name": "[concat(parameters('factoryName'), '/MDF_UPSERT_FACT_INTERNET_SALES')]",
            "type": "Microsoft.DataFactory/factories/dataflows",
            "apiVersion": "2018-06-01",
            "properties": {
                "type": "MappingDataFlow",
                "typeProperties": {
                    "sources": [
                        {
                            "dataset": {
                                "referenceName": "DS_STAGE_FACT_INTERNET_SALES",
                                "type": "DatasetReference"
                            },
                            "name": "SrcStageInternetSales"
                        },
                        {
                            "dataset": {
                                "referenceName": "DS_DBO_FACT_INTERNET_SALES",
                                "type": "DatasetReference"
                            },
                            "name": "SrcDboInternetSales"
                        }
                    ],
                    "sinks": [
                        {
                            "dataset": {
                                "referenceName": "DS_DBO_FACT_INTERNET_SALES",
                                "type": "DatasetReference"
                            },
                            "name": "DstDboInternetSales"
                        }
                    ],
                    "transformations": [
                        {
                            "name": "LeftJoinStage2DboTable"
                        },
                        {
                            "name": "SelStageInternetSales"
                        },
                        {
                            "name": "SetAlterRowIndicator"
                        }
                    ],
                    "script": "source(output(\n\t\tProductKey as integer,\n\t\tOrderDateKey as integer,\n\t\tDueDateKey as integer,\n\t\tShipDateKey as integer,\n\t\tCustomerKey as integer,\n\t\tPromotionKey as integer,\n\t\tCurrencyKey as integer,\n\t\tSalesTerritoryKey as integer,\n\t\tSalesOrderNumber as string,\n\t\tSalesOrderLineNumber as integer,\n\t\tRevisionNumber as integer,\n\t\tOrderQuantity as integer,\n\t\tUnitPrice as decimal(19,4),\n\t\tExtendedAmount as decimal(19,4),\n\t\tUnitPriceDiscountPct as double,\n\t\tDiscountAmount as double,\n\t\tProductStandardCost as decimal(19,4),\n\t\tTotalProductCost as decimal(19,4),\n\t\tSalesAmount as decimal(19,4),\n\t\tTaxAmt as decimal(19,4),\n\t\tFreight as decimal(19,4),\n\t\tCarrierTrackingNumber as string,\n\t\tCustomerPONumber as string,\n\t\tOrderDate as timestamp,\n\t\tDueDate as timestamp,\n\t\tShipDate as timestamp\n\t),\n\tallowSchemaDrift: false,\n\tvalidateSchema: false,\n\tisolationLevel: 'READ_UNCOMMITTED',\n\tformat: 'table') ~> SrcStageInternetSales\nsource(output(\n\t\tProductKey as integer,\n\t\tOrderDateKey as integer,\n\t\tDueDateKey as integer,\n\t\tShipDateKey as integer,\n\t\tCustomerKey as integer,\n\t\tPromotionKey as integer,\n\t\tCurrencyKey as integer,\n\t\tSalesTerritoryKey as integer,\n\t\tSalesOrderNumber as string,\n\t\tSalesOrderLineNumber as integer,\n\t\tRevisionNumber as integer,\n\t\tOrderQuantity as integer,\n\t\tUnitPrice as decimal(19,4),\n\t\tExtendedAmount as decimal(19,4),\n\t\tUnitPriceDiscountPct as double,\n\t\tDiscountAmount as double,\n\t\tProductStandardCost as decimal(19,4),\n\t\tTotalProductCost as decimal(19,4),\n\t\tSalesAmount as decimal(19,4),\n\t\tTaxAmt as decimal(19,4),\n\t\tFreight as decimal(19,4),\n\t\tCarrierTrackingNumber as string,\n\t\tCustomerPONumber as string,\n\t\tOrderDate as timestamp,\n\t\tDueDate as timestamp,\n\t\tShipDate as timestamp\n\t),\n\tallowSchemaDrift: false,\n\tvalidateSchema: false,\n\tisolationLevel: 'READ_UNCOMMITTED',\n\tformat: 'table') ~> SrcDboInternetSales\nSrcStageInternetSales, SrcDboInternetSales join(SrcStageInternetSales@SalesOrderNumber == SrcDboInternetSales@SalesOrderNumber\n\t&& SrcStageInternetSales@SalesOrderLineNumber == SrcDboInternetSales@SalesOrderLineNumber,\n\tjoinType:'left',\n\tbroadcast: 'none')~> LeftJoinStage2DboTable\nSetAlterRowIndicator select(mapColumn(\n\t\tProductKey = {SrcStageInternetSales@ProductKey},\n\t\tOrderDateKey = {SrcStageInternetSales@OrderDateKey},\n\t\tDueDateKey = {SrcStageInternetSales@DueDateKey},\n\t\tShipDateKey = {SrcStageInternetSales@ShipDateKey},\n\t\tCustomerKey = {SrcStageInternetSales@CustomerKey},\n\t\tPromotionKey = {SrcStageInternetSales@PromotionKey},\n\t\tCurrencyKey = {SrcStageInternetSales@CurrencyKey},\n\t\tSalesTerritoryKey = {SrcStageInternetSales@SalesTerritoryKey},\n\t\tSalesOrderNumber = {SrcStageInternetSales@SalesOrderNumber},\n\t\tSalesOrderLineNumber = {SrcStageInternetSales@SalesOrderLineNumber},\n\t\tRevisionNumber = {SrcStageInternetSales@RevisionNumber},\n\t\tOrderQuantity = {SrcStageInternetSales@OrderQuantity},\n\t\tUnitPrice = {SrcStageInternetSales@UnitPrice},\n\t\tExtendedAmount = {SrcStageInternetSales@ExtendedAmount},\n\t\tUnitPriceDiscountPct = {SrcStageInternetSales@UnitPriceDiscountPct},\n\t\tDiscountAmount = {SrcStageInternetSales@DiscountAmount},\n\t\tProductStandardCost = {SrcStageInternetSales@ProductStandardCost},\n\t\tTotalProductCost = {SrcStageInternetSales@TotalProductCost},\n\t\tSalesAmount = {SrcStageInternetSales@SalesAmount},\n\t\tTaxAmt = {SrcStageInternetSales@TaxAmt},\n\t\tFreight = {SrcStageInternetSales@Freight},\n\t\tCarrierTrackingNumber = {SrcStageInternetSales@CarrierTrackingNumber},\n\t\tCustomerPONumber = {SrcStageInternetSales@CustomerPONumber},\n\t\tOrderDate = {SrcStageInternetSales@OrderDate},\n\t\tDueDate = {SrcStageInternetSales@DueDate},\n\t\tShipDate = {SrcStageInternetSales@ShipDate}\n\t),\n\tskipDuplicateMapInputs: true,\n\tskipDuplicateMapOutputs: true) ~> SelStageInternetSales\nLeftJoinStage2DboTable alterRow(insertIf(isNull(SrcDboInternetSales@SalesOrderNumber)),\n\tupdateIf(not(isNull(SrcDboInternetSales@SalesOrderNumber)))) ~> SetAlterRowIndicator\nSelStageInternetSales sink(allowSchemaDrift: true,\n\tvalidateSchema: false,\n\tdeletable:false,\n\tinsertable:true,\n\tupdateable:true,\n\tupsertable:false,\n\tkeys:['SalesOrderNumber','SalesOrderLineNumber'],\n\tformat: 'table',\n\tskipDuplicateMapInputs: true,\n\tskipDuplicateMapOutputs: true) ~> DstDboInternetSales"
                }
            },
            "dependsOn": []
        },
        {
            "name": "[concat(parameters('factoryName'), '/03_PL_PARENT_UPDATE_TABLES')]",
            "type": "Microsoft.DataFactory/factories/pipelines",
            "apiVersion": "2018-06-01",
            "properties": {
                "activities": [
                    {
                        "name": "ACT_GEN_LKP_PIPELINE_SETTINGS",
                        "description": "Retrieve the pipeline settings from the control table.",
                        "type": "Lookup",
                        "dependsOn": [],
                        "policy": {
                            "timeout": "7.00:00:00",
                            "retry": 0,
                            "retryIntervalInSeconds": 30,
                            "secureOutput": false,
                            "secureInput": false
                        },
                        "userProperties": [],
                        "typeProperties": {
                            "source": {
                                "type": "AzureSqlSource",
                                "sqlReaderQuery": "SELECT * FROM [ctrl].[AdfPipelineSettings] WHERE [ACTIVE_FLG] = 'Y'",
                                "queryTimeout": "00:10:00"
                            },
                            "dataset": {
                                "referenceName": "DS_ASQL_ADVWRKS_TABLE",
                                "type": "DatasetReference",
                                "parameters": {
                                    "VAR_SCHEMA": "ctrl",
                                    "VAR_TABLE": "AdfPipelineSettings"
                                }
                            },
                            "firstRowOnly": false
                        }
                    },
                    {
                        "name": "ACT_ITRC_FOR_EACH_PIPELINE",
                        "type": "ForEach",
                        "dependsOn": [
                            {
                                "activity": "ACT_GEN_LKP_PIPELINE_SETTINGS",
                                "dependencyConditions": [
                                    "Succeeded"
                                ]
                            }
                        ],
                        "userProperties": [],
                        "typeProperties": {
                            "items": {
                                "value": "@activity('ACT_GEN_LKP_PIPELINE_SETTINGS').output.value\n\n",
                                "type": "Expression"
                            },
                            "isSequential": true,
                            "activities": [
                                {
                                    "name": "ACT_ITRC_IF_FULL_LOAD",
                                    "type": "IfCondition",
                                    "dependsOn": [],
                                    "userProperties": [],
                                    "typeProperties": {
                                        "expression": {
                                            "value": "@equals(item().LOAD_TYPE, 'F')",
                                            "type": "Expression"
                                        },
                                        "ifFalseActivities": [
                                            {
                                                "name": "EPL_CHILD_INCR_TABLE_LOAD",
                                                "type": "ExecutePipeline",
                                                "dependsOn": [],
                                                "userProperties": [],
                                                "typeProperties": {
                                                    "pipeline": {
                                                        "referenceName": "02_PL_CHILD_INCR_TABLE_LOAD",
                                                        "type": "PipelineReference"
                                                    },
                                                    "waitOnCompletion": true,
                                                    "parameters": {
                                                        "VAR_SRC_SCHEMA": {
                                                            "value": "@item().SRC_SCHEMA_NM",
                                                            "type": "Expression"
                                                        },
                                                        "VAR_SRC_TABLE": {
                                                            "value": "@item().SRC_TABLE_NM",
                                                            "type": "Expression"
                                                        },
                                                        "VAR_TRG_SCHEMA": {
                                                            "value": "@item().TRG_SCHEMA_NM",
                                                            "type": "Expression"
                                                        },
                                                        "VAR_TRG_TABLE": {
                                                            "value": "@item().TRG_TABLE_NM",
                                                            "type": "Expression"
                                                        },
                                                        "VAR_DL_ROOT": {
                                                            "value": "@item().LAKE_DIR_NM",
                                                            "type": "Expression"
                                                        },
                                                        "VAR_DL_PATH": {
                                                            "value": "@item().LAKE_PATH_NM",
                                                            "type": "Expression"
                                                        },
                                                        "VAR_DL_FN": {
                                                            "value": "@item().LAKE_FILE_NM",
                                                            "type": "Expression"
                                                        },
                                                        "VAR_WATERMARK": {
                                                            "value": "@item().WATER_MARK_TXT",
                                                            "type": "Expression"
                                                        },
                                                        "VAR_POST_TSQL_TXT": {
                                                            "value": "@item().POST_TSQL_TXT",
                                                            "type": "Expression"
                                                        }
                                                    }
                                                }
                                            }
                                        ],
                                        "ifTrueActivities": [
                                            {
                                                "name": "EPL_CHILD_FULL_TABLE_LOAD",
                                                "type": "ExecutePipeline",
                                                "dependsOn": [],
                                                "userProperties": [],
                                                "typeProperties": {
                                                    "pipeline": {
                                                        "referenceName": "02_PL_CHILD_FULL_TABLE_LOAD",
                                                        "type": "PipelineReference"
                                                    },
                                                    "waitOnCompletion": true,
                                                    "parameters": {
                                                        "VAR_SRC_SCHEMA": {
                                                            "value": "@item().SRC_SCHEMA_NM",
                                                            "type": "Expression"
                                                        },
                                                        "VAR_SRC_TABLE": {
                                                            "value": "@item().SRC_TABLE_NM",
                                                            "type": "Expression"
                                                        },
                                                        "VAR_TRG_SCHEMA": {
                                                            "value": "@item().TRG_SCHEMA_NM",
                                                            "type": "Expression"
                                                        },
                                                        "VAR_TRG_TABLE": {
                                                            "value": "@item().TRG_TABLE_NM",
                                                            "type": "Expression"
                                                        },
                                                        "VAR_DL_ROOT": {
                                                            "value": "@item().LAKE_DIR_NM",
                                                            "type": "Expression"
                                                        },
                                                        "VAR_DL_PATH": {
                                                            "value": "@item().LAKE_PATH_NM",
                                                            "type": "Expression"
                                                        },
                                                        "VAR_DL_FN": {
                                                            "value": "@item().LAKE_FILE_NM",
                                                            "type": "Expression"
                                                        }
                                                    }
                                                }
                                            }
                                        ]
                                    }
                                }
                            ]
                        }
                    }
                ],
                "annotations": []
            },
            "dependsOn": [
                "[concat(variables('factoryId'), '/pipelines/02_PL_CHILD_INCR_TABLE_LOAD')]",
                "[concat(variables('factoryId'), '/pipelines/02_PL_CHILD_FULL_TABLE_LOAD')]"
            ]
        },
        {
            "name": "[concat(parameters('factoryName'), '/04_PL_MAPPING_DATAFLOW_4_UPSERT')]",
            "type": "Microsoft.DataFactory/factories/pipelines",
            "apiVersion": "2018-06-01",
            "properties": {
                "activities": [
                    {
                        "name": "MDF_UPSERT_FACT_INTERNET_SALES",
                        "type": "ExecuteDataFlow",
                        "dependsOn": [],
                        "policy": {
                            "timeout": "7.00:00:00",
                            "retry": 0,
                            "retryIntervalInSeconds": 30,
                            "secureOutput": false,
                            "secureInput": false
                        },
                        "userProperties": [],
                        "typeProperties": {
                            "dataflow": {
                                "referenceName": "MDF_UPSERT_FACT_INTERNET_SALES",
                                "type": "DataFlowReference",
                                "parameters": {},
                                "datasetParameters": {
                                    "SrcStageInternetSales": {
                                        "VAR_SCHEMA": "stage",
                                        "VAR_TABLE": "FactInternetSales"
                                    },
                                    "SrcDboInternetSales": {
                                        "VAR_SCHEMA": "dbo",
                                        "VAR_TABLE": "FactInternetSales"
                                    },
                                    "DstDboInternetSales": {
                                        "VAR_SCHEMA": "dbo",
                                        "VAR_TABLE": "FactInternetSales"
                                    }
                                }
                            },
                            "staging": {},
                            "compute": {
                                "coreCount": 8,
                                "computeType": "General"
                            }
                        }
                    }
                ],
                "annotations": []
            },
            "dependsOn": [
                "[concat(variables('factoryId'), '/dataflows/MDF_UPSERT_FACT_INTERNET_SALES')]"
            ]
        },
        {
            "name": "[concat(parameters('factoryName'), '/TRG_TRANS_SODA_TELEMETRY')]",
            "type": "Microsoft.DataFactory/factories/triggers",
            "apiVersion": "2018-06-01",
            "properties": {
                "annotations": [],
                "runtimeState": "Started",
                "pipelines": [
                    {
                        "pipelineReference": {
                            "referenceName": "01_PL_TRANS_SODA_TELEMETRY",
                            "type": "PipelineReference"
                        },
                        "parameters": {}
                    }
                ],
                "type": "ScheduleTrigger",
                "typeProperties": {
                    "recurrence": {
                        "frequency": "Hour",
                        "interval": 1,
                        "startTime": "2020-04-02T12:15:00Z",
                        "timeZone": "UTC"
                    }
                }
            },
            "dependsOn": [
                "[concat(variables('factoryId'), '/pipelines/01_PL_TRANS_SODA_TELEMETRY')]"
            ]
        }
    ]
}