{
    "$schema": "https://schema.management.azure.com/schemas/2015-01-01/deploymentParameters.json#",
    "contentVersion": "1.0.0.0",
    "parameters": {
        "factoryName": {
            "value": "adf4tips2020"
        },
        "LS_AZ_SQLDB_connectionString": {
            "value": ""
        },
        "LS_AZ_BLOB_STORAGE_connectionString": {
            "value": ""
        },
        "LS_MS_SQLDB_connectionString": {
            "value": ""
        },
        "LS_MS_SQLDB_password": {
            "value": ""
        },
        "FX_AZ_SQLDB_connectionString": {
            "value": ""
        },
        "LS_AZ_KEY_VAULT_properties_typeProperties_baseUrl": {
            "value": "https://kvs4tips2020.vault.azure.net/"
        },
        "LS_MS_SQLDB_properties_typeProperties_userName": {
            "value": "vm4sql19\\jminer"
        },
        "LS_AZ_ADLS2_properties_typeProperties_url": {
            "value": "https://sa4adls2020.dfs.core.windows.net"
        },
        "containerUri": {
            "value": ""
        },
        "containerSasToken": {
            "value": ""
        }
    }
}