{
    "$schema": "http://schema.management.azure.com/schemas/2015-01-01/deploymentTemplate.json#",
    "contentVersion": "1.0.0.0",
    "parameters": {
        "factoryName": {
            "type": "string",
            "metadata": "Data Factory name",
            "defaultValue": "adf4tips2020"
        },
        "LS_AZ_SQLDB_connectionString": {
            "type": "secureString",
            "metadata": "Secure string for 'connectionString' of 'LS_AZ_SQLDB'"
        },
        "LS_AZ_BLOB_STORAGE_connectionString": {
            "type": "secureString",
            "metadata": "Secure string for 'connectionString' of 'LS_AZ_BLOB_STORAGE'"
        },
        "LS_MS_SQLDB_connectionString": {
            "type": "secureString",
            "metadata": "Secure string for 'connectionString' of 'LS_MS_SQLDB'"
        },
        "LS_MS_SQLDB_password": {
            "type": "secureString",
            "metadata": "Secure string for 'password' of 'LS_MS_SQLDB'"
        },
        "FX_AZ_SQLDB_connectionString": {
            "type": "secureString",
            "metadata": "Secure string for 'connectionString' of 'FX_AZ_SQLDB'"
        },
        "LS_AZ_KEY_VAULT_properties_typeProperties_baseUrl": {
            "type": "string",
            "defaultValue": "https://kvs4tips2020.vault.azure.net/"
        },
        "LS_MS_SQLDB_properties_typeProperties_userName": {
            "type": "string",
            "defaultValue": "vm4sql19\\jminer"
        },
        "LS_AZ_ADLS2_properties_typeProperties_url": {
            "type": "string",
            "defaultValue": "https://sa4adls2020.dfs.core.windows.net"
        },
        "containerUri": {
            "type": "string",
            "metadata": "URI to storage account containing linked ARM templates"
        },
        "containerSasToken": {
            "type": "string",
            "metadata": "Sas token to storage account containing linked ARM templates"
        }
    },
    "variables": {
        "factoryId": "[concat('Microsoft.DataFactory/factories/', parameters('factoryName'))]"
    },
    "resources": [
        {
            "name": "ArmTemplate_0",
            "type": "Microsoft.Resources/deployments",
            "apiVersion": "2018-02-01",
            "properties": {
                "mode": "incremental",
                "templateLink": {
                    "uri": "[concat(parameters('containerUri'), '/ArmTemplate_0.json', parameters('containerSasToken'))]",
                    "contentVersion": "1.0.0.0"
                },
                "parameters": {
                    "factoryName": {
                        "value": "[parameters('factoryName')]"
                    },
                    "LS_AZ_BLOB_STORAGE_connectionString": {
                        "value": "[parameters('LS_AZ_BLOB_STORAGE_connectionString')]"
                    },
                    "FX_AZ_SQLDB_connectionString": {
                        "value": "[parameters('FX_AZ_SQLDB_connectionString')]"
                    },
                    "LS_AZ_SQLDB_connectionString": {
                        "value": "[parameters('LS_AZ_SQLDB_connectionString')]"
                    },
                    "LS_MS_SQLDB_connectionString": {
                        "value": "[parameters('LS_MS_SQLDB_connectionString')]"
                    },
                    "LS_MS_SQLDB_password": {
                        "value": "[parameters('LS_MS_SQLDB_password')]"
                    },
                    "LS_AZ_KEY_VAULT_properties_typeProperties_baseUrl": {
                        "value": "[parameters('LS_AZ_KEY_VAULT_properties_typeProperties_baseUrl')]"
                    },
                    "LS_AZ_ADLS2_properties_typeProperties_url": {
                        "value": "[parameters('LS_AZ_ADLS2_properties_typeProperties_url')]"
                    },
                    "LS_MS_SQLDB_properties_typeProperties_userName": {
                        "value": "[parameters('LS_MS_SQLDB_properties_typeProperties_userName')]"
                    }
                }
            },
            "dependsOn": []
        },
        {
            "name": "ArmTemplate_1",
            "type": "Microsoft.Resources/deployments",
            "apiVersion": "2018-02-01",
            "properties": {
                "mode": "incremental",
                "templateLink": {
                    "uri": "[concat(parameters('containerUri'), '/ArmTemplate_1.json', parameters('containerSasToken'))]",
                    "contentVersion": "1.0.0.0"
                },
                "parameters": {
                    "factoryName": {
                        "value": "[parameters('factoryName')]"
                    }
                }
            },
            "dependsOn": [
                "[resourceId('Microsoft.Resources/deployments', 'ArmTemplate_0')]"
            ]
        }
    ]
}