{
    "$schema": "http://schema.management.azure.com/schemas/2015-01-01/deploymentTemplate.json#",
    "contentVersion": "1.0.0.0",
    "parameters": {
        "factoryName": {
            "type": "string",
            "metadata": "Data Factory name",
            "defaultValue": "adf4tips2020"
        },
        "LS_AZ_BLOB_STORAGE_connectionString": {
            "type": "secureString",
            "metadata": "Secure string for 'connectionString' of 'LS_AZ_BLOB_STORAGE'"
        },
        "FX_AZ_SQLDB_connectionString": {
            "type": "secureString",
            "metadata": "Secure string for 'connectionString' of 'FX_AZ_SQLDB'"
        },
        "LS_AZ_SQLDB_connectionString": {
            "type": "secureString",
            "metadata": "Secure string for 'connectionString' of 'LS_AZ_SQLDB'"
        },
        "LS_MS_SQLDB_connectionString": {
            "type": "secureString",
            "metadata": "Secure string for 'connectionString' of 'LS_MS_SQLDB'"
        },
        "LS_MS_SQLDB_password": {
            "type": "secureString",
            "metadata": "Secure string for 'password' of 'LS_MS_SQLDB'"
        },
        "LS_AZ_KEY_VAULT_properties_typeProperties_baseUrl": {
            "type": "string",
            "defaultValue": "https://kvs4tips2020.vault.azure.net/"
        },
        "LS_AZ_ADLS2_properties_typeProperties_url": {
            "type": "string",
            "defaultValue": "https://sa4adls2020.dfs.core.windows.net"
        },
        "LS_MS_SQLDB_properties_typeProperties_userName": {
            "type": "string",
            "defaultValue": "vm4sql19\\jminer"
        }
    },
    "variables": {
        "factoryId": "[concat('Microsoft.DataFactory/factories/', parameters('factoryName'))]"
    },
    "resources": [
        {
            "name": "[concat(parameters('factoryName'), '/SHIR4TIPS2020')]",
            "type": "Microsoft.DataFactory/factories/integrationRuntimes",
            "apiVersion": "2018-06-01",
            "properties": {
                "type": "SelfHosted",
                "description": "Install the self hosted integration runtime on the virtual machine with SQL Server 2019.",
                "typeProperties": {}
            },
            "dependsOn": []
        },
        {
            "name": "[concat(parameters('factoryName'), '/LS_AZ_KEY_VAULT')]",
            "type": "Microsoft.DataFactory/factories/linkedServices",
            "apiVersion": "2018-06-01",
            "properties": {
                "annotations": [],
                "type": "AzureKeyVault",
                "typeProperties": {
                    "baseUrl": "[parameters('LS_AZ_KEY_VAULT_properties_typeProperties_baseUrl')]"
                }
            },
            "dependsOn": []
        },
        {
            "name": "[concat(parameters('factoryName'), '/LS_AZ_BLOB_STORAGE')]",
            "type": "Microsoft.DataFactory/factories/linkedServices",
            "apiVersion": "2018-06-01",
            "properties": {
                "annotations": [],
                "type": "AzureBlobStorage",
                "typeProperties": {
                    "connectionString": "[parameters('LS_AZ_BLOB_STORAGE_connectionString')]"
                }
            },
            "dependsOn": []
        },
        {
            "name": "[concat(parameters('factoryName'), '/LS_AZ_ADLS2')]",
            "type": "Microsoft.DataFactory/factories/linkedServices",
            "apiVersion": "2018-06-01",
            "properties": {
                "annotations": [],
                "type": "AzureBlobFS",
                "typeProperties": {
                    "url": "[parameters('LS_AZ_ADLS2_properties_typeProperties_url')]"
                }
            },
            "dependsOn": []
        },
        {
            "name": "[concat(parameters('factoryName'), '/FX_AZ_SQLDB')]",
            "type": "Microsoft.DataFactory/factories/linkedServices",
            "apiVersion": "2018-06-01",
            "properties": {
                "annotations": [],
                "type": "AzureSqlDatabase",
                "typeProperties": {
                    "connectionString": "[parameters('FX_AZ_SQLDB_connectionString')]"
                }
            },
            "dependsOn": []
        },
        {
            "name": "[concat(parameters('factoryName'), '/DS_ABLB_SODA_TELEMETRY')]",
            "type": "Microsoft.DataFactory/factories/datasets",
            "apiVersion": "2018-06-01",
            "properties": {
                "linkedServiceName": {
                    "referenceName": "LS_AZ_BLOB_STORAGE",
                    "type": "LinkedServiceReference"
                },
                "parameters": {
                    "VAR_DIR": {
                        "type": "string",
                        "defaultValue": "logs/2020/04/22/23"
                    }
                },
                "annotations": [],
                "type": "Json",
                "typeProperties": {
                    "location": {
                        "type": "AzureBlobStorageLocation",
                        "folderPath": {
                            "value": "@dataset().VAR_DIR",
                            "type": "Expression"
                        },
                        "container": "sc4tips2020"
                    }
                },
                "schema": {
                    "type": "object",
                    "properties": {
                        "Slot_Id": {
                            "type": "string"
                        },
                        "Machine_Id": {
                            "type": "string"
                        },
                        "Product_Id": {
                            "type": "string"
                        },
                        "Date_Time": {
                            "type": "string"
                        },
                        "Vend_Count": {
                            "type": "string"
                        },
                        "EventProcessedUtcTime": {
                            "type": "string"
                        },
                        "PartitionId": {
                            "type": "integer"
                        },
                        "EventEnqueuedUtcTime": {
                            "type": "string"
                        }
                    }
                }
            },
            "dependsOn": [
                "[concat(variables('factoryId'), '/linkedServices/LS_AZ_BLOB_STORAGE')]"
            ]
        },
        {
            "name": "[concat(parameters('factoryName'), '/DS_ADLS2_PARQUET_FILE')]",
            "type": "Microsoft.DataFactory/factories/datasets",
            "apiVersion": "2018-06-01",
            "properties": {
                "linkedServiceName": {
                    "referenceName": "LS_AZ_ADLS2",
                    "type": "LinkedServiceReference"
                },
                "parameters": {
                    "VAR_PATH": {
                        "type": "string",
                        "defaultValue": "datalake/bronze"
                    },
                    "VAR_ROOT": {
                        "type": "string",
                        "defaultValue": "sc4adls2020"
                    },
                    "VAR_FILE": {
                        "type": "string",
                        "defaultValue": "dbo.DimCustomer.parquet"
                    }
                },
                "annotations": [],
                "type": "Parquet",
                "typeProperties": {
                    "location": {
                        "type": "AzureBlobFSLocation",
                        "fileName": {
                            "value": "@dataset().VAR_FILE",
                            "type": "Expression"
                        },
                        "folderPath": {
                            "value": "@dataset().VAR_PATH",
                            "type": "Expression"
                        },
                        "fileSystem": {
                            "value": "@dataset().VAR_ROOT",
                            "type": "Expression"
                        }
                    },
                    "compressionCodec": "snappy"
                },
                "schema": []
            },
            "dependsOn": [
                "[concat(variables('factoryId'), '/linkedServices/LS_AZ_ADLS2')]"
            ]
        },
        {
            "name": "[concat(parameters('factoryName'), '/FX_DBO_FACT_INTERNET_SALES')]",
            "type": "Microsoft.DataFactory/factories/datasets",
            "apiVersion": "2018-06-01",
            "properties": {
                "linkedServiceName": {
                    "referenceName": "FX_AZ_SQLDB",
                    "type": "LinkedServiceReference"
                },
                "folder": {
                    "name": "Data flows"
                },
                "annotations": [],
                "type": "AzureSqlTable",
                "schema": [
                    {
                        "name": "ProductKey",
                        "type": "int",
                        "precision": 10
                    },
                    {
                        "name": "OrderDateKey",
                        "type": "int",
                        "precision": 10
                    },
                    {
                        "name": "DueDateKey",
                        "type": "int",
                        "precision": 10
                    },
                    {
                        "name": "ShipDateKey",
                        "type": "int",
                        "precision": 10
                    },
                    {
                        "name": "CustomerKey",
                        "type": "int",
                        "precision": 10
                    },
                    {
                        "name": "PromotionKey",
                        "type": "int",
                        "precision": 10
                    },
                    {
                        "name": "CurrencyKey",
                        "type": "int",
                        "precision": 10
                    },
                    {
                        "name": "SalesTerritoryKey",
                        "type": "int",
                        "precision": 10
                    },
                    {
                        "name": "SalesOrderNumber",
                        "type": "nvarchar"
                    },
                    {
                        "name": "SalesOrderLineNumber",
                        "type": "tinyint",
                        "precision": 3
                    },
                    {
                        "name": "RevisionNumber",
                        "type": "tinyint",
                        "precision": 3
                    },
                    {
                        "name": "OrderQuantity",
                        "type": "smallint",
                        "precision": 5
                    },
                    {
                        "name": "UnitPrice",
                        "type": "real",
                        "precision": 7
                    },
                    {
                        "name": "ExtendedAmount",
                        "type": "real",
                        "precision": 7
                    },
                    {
                        "name": "UnitPriceDiscountPct",
                        "type": "float",
                        "precision": 15
                    },
                    {
                        "name": "DiscountAmount",
                        "type": "float",
                        "precision": 15
                    },
                    {
                        "name": "ProductStandardCost",
                        "type": "real",
                        "precision": 7
                    },
                    {
                        "name": "TotalProductCost",
                        "type": "real",
                        "precision": 7
                    },
                    {
                        "name": "SalesAmount",
                        "type": "real",
                        "precision": 7
                    },
                    {
                        "name": "TaxAmt",
                        "type": "real",
                        "precision": 7
                    },
                    {
                        "name": "Freight",
                        "type": "real",
                        "precision": 7
                    },
                    {
                        "name": "CarrierTrackingNumber",
                        "type": "nvarchar"
                    },
                    {
                        "name": "CustomerPONumber",
                        "type": "nvarchar"
                    },
                    {
                        "name": "OrderDate",
                        "type": "datetime",
                        "precision": 23,
                        "scale": 3
                    },
                    {
                        "name": "DueDate",
                        "type": "datetime",
                        "precision": 23,
                        "scale": 3
                    },
                    {
                        "name": "ShipDate",
                        "type": "datetime",
                        "precision": 23,
                        "scale": 3
                    }
                ],
                "typeProperties": {
                    "schema": "dbo",
                    "table": "vFactInternetSales"
                }
            },
            "dependsOn": [
                "[concat(variables('factoryId'), '/linkedServices/FX_AZ_SQLDB')]"
            ]
        },
        {
            "name": "[concat(parameters('factoryName'), '/FX_STAGE_FACT_INTERNET_SALES')]",
            "type": "Microsoft.DataFactory/factories/datasets",
            "apiVersion": "2018-06-01",
            "properties": {
                "linkedServiceName": {
                    "referenceName": "FX_AZ_SQLDB",
                    "type": "LinkedServiceReference"
                },
                "folder": {
                    "name": "Data flows"
                },
                "annotations": [],
                "type": "AzureSqlTable",
                "schema": [
                    {
                        "name": "ProductKey",
                        "type": "int",
                        "precision": 10
                    },
                    {
                        "name": "OrderDateKey",
                        "type": "int",
                        "precision": 10
                    },
                    {
                        "name": "DueDateKey",
                        "type": "int",
                        "precision": 10
                    },
                    {
                        "name": "ShipDateKey",
                        "type": "int",
                        "precision": 10
                    },
                    {
                        "name": "CustomerKey",
                        "type": "int",
                        "precision": 10
                    },
                    {
                        "name": "PromotionKey",
                        "type": "int",
                        "precision": 10
                    },
                    {
                        "name": "CurrencyKey",
                        "type": "int",
                        "precision": 10
                    },
                    {
                        "name": "SalesTerritoryKey",
                        "type": "int",
                        "precision": 10
                    },
                    {
                        "name": "SalesOrderNumber",
                        "type": "nvarchar"
                    },
                    {
                        "name": "SalesOrderLineNumber",
                        "type": "tinyint",
                        "precision": 3
                    },
                    {
                        "name": "RevisionNumber",
                        "type": "tinyint",
                        "precision": 3
                    },
                    {
                        "name": "OrderQuantity",
                        "type": "smallint",
                        "precision": 5
                    },
                    {
                        "name": "UnitPrice",
                        "type": "real",
                        "precision": 7
                    },
                    {
                        "name": "ExtendedAmount",
                        "type": "real",
                        "precision": 7
                    },
                    {
                        "name": "UnitPriceDiscountPct",
                        "type": "float",
                        "precision": 15
                    },
                    {
                        "name": "DiscountAmount",
                        "type": "float",
                        "precision": 15
                    },
                    {
                        "name": "ProductStandardCost",
                        "type": "real",
                        "precision": 7
                    },
                    {
                        "name": "TotalProductCost",
                        "type": "real",
                        "precision": 7
                    },
                    {
                        "name": "SalesAmount",
                        "type": "real",
                        "precision": 7
                    },
                    {
                        "name": "TaxAmt",
                        "type": "real",
                        "precision": 7
                    },
                    {
                        "name": "Freight",
                        "type": "real",
                        "precision": 7
                    },
                    {
                        "name": "CarrierTrackingNumber",
                        "type": "nvarchar"
                    },
                    {
                        "name": "CustomerPONumber",
                        "type": "nvarchar"
                    },
                    {
                        "name": "OrderDate",
                        "type": "datetime",
                        "precision": 23,
                        "scale": 3
                    },
                    {
                        "name": "DueDate",
                        "type": "datetime",
                        "precision": 23,
                        "scale": 3
                    },
                    {
                        "name": "ShipDate",
                        "type": "datetime",
                        "precision": 23,
                        "scale": 3
                    }
                ],
                "typeProperties": {
                    "schema": "stage",
                    "table": "vFactInternetSales"
                }
            },
            "dependsOn": [
                "[concat(variables('factoryId'), '/linkedServices/FX_AZ_SQLDB')]"
            ]
        },
        {
            "name": "[concat(parameters('factoryName'), '/FX_DATA_MART_VIEW')]",
            "type": "Microsoft.DataFactory/factories/datasets",
            "apiVersion": "2018-06-01",
            "properties": {
                "linkedServiceName": {
                    "referenceName": "FX_AZ_SQLDB",
                    "type": "LinkedServiceReference"
                },
                "folder": {
                    "name": "Data flows"
                },
                "annotations": [],
                "type": "AzureSqlTable",
                "schema": [
                    {
                        "name": "EnglishProductCategoryName",
                        "type": "nvarchar"
                    },
                    {
                        "name": "Model",
                        "type": "nvarchar"
                    },
                    {
                        "name": "CustomerKey",
                        "type": "int",
                        "precision": 10
                    },
                    {
                        "name": "Region",
                        "type": "nvarchar"
                    },
                    {
                        "name": "Age",
                        "type": "int",
                        "precision": 10
                    },
                    {
                        "name": "IncomeGroup",
                        "type": "varchar"
                    },
                    {
                        "name": "CalendarYear",
                        "type": "smallint",
                        "precision": 5
                    },
                    {
                        "name": "FiscalYear",
                        "type": "smallint",
                        "precision": 5
                    },
                    {
                        "name": "Month",
                        "type": "tinyint",
                        "precision": 3
                    },
                    {
                        "name": "OrderNumber",
                        "type": "nvarchar"
                    },
                    {
                        "name": "LineNumber",
                        "type": "tinyint",
                        "precision": 3
                    },
                    {
                        "name": "Quantity",
                        "type": "smallint",
                        "precision": 5
                    },
                    {
                        "name": "Amount",
                        "type": "real",
                        "precision": 7
                    }
                ],
                "typeProperties": {
                    "schema": "dbo",
                    "table": "vDMPrep"
                }
            },
            "dependsOn": [
                "[concat(variables('factoryId'), '/linkedServices/FX_AZ_SQLDB')]"
            ]
        },
        {
            "name": "[concat(parameters('factoryName'), '/FX_SALES_YEAR_MONTH_REGION')]",
            "type": "Microsoft.DataFactory/factories/datasets",
            "apiVersion": "2018-06-01",
            "properties": {
                "linkedServiceName": {
                    "referenceName": "FX_AZ_SQLDB",
                    "type": "LinkedServiceReference"
                },
                "folder": {
                    "name": "Data flows"
                },
                "annotations": [],
                "type": "AzureSqlTable",
                "schema": [
                    {
                        "name": "RptYear",
                        "type": "smallint",
                        "precision": 5
                    },
                    {
                        "name": "RptMonth",
                        "type": "tinyint",
                        "precision": 3
                    },
                    {
                        "name": "RptRegion",
                        "type": "nvarchar"
                    },
                    {
                        "name": "ModelNo",
                        "type": "nvarchar"
                    },
                    {
                        "name": "TotalQty",
                        "type": "int",
                        "precision": 10
                    },
                    {
                        "name": "TotalAmt",
                        "type": "money",
                        "precision": 19,
                        "scale": 4
                    }
                ],
                "typeProperties": {
                    "schema": "rpt",
                    "table": "SalesByYearMonthRegion"
                }
            },
            "dependsOn": [
                "[concat(variables('factoryId'), '/linkedServices/FX_AZ_SQLDB')]"
            ]
        },
        {
            "name": "[concat(parameters('factoryName'), '/LS_AZ_SQLDB')]",
            "type": "Microsoft.DataFactory/factories/linkedServices",
            "apiVersion": "2018-06-01",
            "properties": {
                "parameters": {
                    "VAR_DBNAME": {
                        "type": "string",
                        "defaultValue": "dbs4tips2020"
                    }
                },
                "annotations": [],
                "type": "AzureSqlDatabase",
                "typeProperties": {
                    "connectionString": "[parameters('LS_AZ_SQLDB_connectionString')]",
                    "password": {
                        "type": "AzureKeyVaultSecret",
                        "store": {
                            "referenceName": "LS_AZ_KEY_VAULT",
                            "type": "LinkedServiceReference"
                        },
                        "secretName": "jminer"
                    }
                }
            },
            "dependsOn": [
                "[concat(variables('factoryId'), '/linkedServices/LS_AZ_KEY_VAULT')]"
            ]
        },
        {
            "name": "[concat(parameters('factoryName'), '/LS_MS_SQLDB')]",
            "type": "Microsoft.DataFactory/factories/linkedServices",
            "apiVersion": "2018-06-01",
            "properties": {
                "annotations": [],
                "type": "SqlServer",
                "typeProperties": {
                    "connectionString": "[parameters('LS_MS_SQLDB_connectionString')]",
                    "userName": "[parameters('LS_MS_SQLDB_properties_typeProperties_userName')]",
                    "password": {
                        "type": "SecureString",
                        "value": "[parameters('LS_MS_SQLDB_password')]"
                    }
                },
                "connectVia": {
                    "referenceName": "SHIR4TIPS2020",
                    "type": "IntegrationRuntimeReference"
                }
            },
            "dependsOn": [
                "[concat(variables('factoryId'), '/integrationRuntimes/SHIR4TIPS2020')]"
            ]
        },
        {
            "name": "[concat(parameters('factoryName'), '/DS_ASQL_SLOT_EVENTS')]",
            "type": "Microsoft.DataFactory/factories/datasets",
            "apiVersion": "2018-06-01",
            "properties": {
                "linkedServiceName": {
                    "referenceName": "LS_AZ_SQLDB",
                    "type": "LinkedServiceReference",
                    "parameters": {
                        "VAR_DBNAME": "dbs4tips2020"
                    }
                },
                "annotations": [],
                "type": "AzureSqlTable",
                "schema": [
                    {
                        "name": "slot_id",
                        "type": "varchar"
                    },
                    {
                        "name": "machine_id",
                        "type": "varchar"
                    },
                    {
                        "name": "product_id",
                        "type": "varchar"
                    },
                    {
                        "name": "event_dt",
                        "type": "varchar"
                    },
                    {
                        "name": "vend_cnt",
                        "type": "varchar"
                    }
                ],
                "typeProperties": {
                    "schema": "stage",
                    "table": "slot_events"
                }
            },
            "dependsOn": [
                "[concat(variables('factoryId'), '/linkedServices/LS_AZ_SQLDB')]"
            ]
        },
        {
            "name": "[concat(parameters('factoryName'), '/DS_MSSQL_ADVWRKS_TABLE')]",
            "type": "Microsoft.DataFactory/factories/datasets",
            "apiVersion": "2018-06-01",
            "properties": {
                "linkedServiceName": {
                    "referenceName": "LS_MS_SQLDB",
                    "type": "LinkedServiceReference"
                },
                "parameters": {
                    "VAR_SCHEMA": {
                        "type": "string",
                        "defaultValue": "dbo"
                    },
                    "VAR_TABLE": {
                        "type": "string",
                        "defaultValue": "DimCustomer"
                    }
                },
                "annotations": [],
                "type": "SqlServerTable",
                "schema": [
                    {
                        "name": "CustomerKey",
                        "type": "int",
                        "precision": 10
                    },
                    {
                        "name": "GeographyKey",
                        "type": "int",
                        "precision": 10
                    },
                    {
                        "name": "CustomerAlternateKey",
                        "type": "nvarchar"
                    },
                    {
                        "name": "Title",
                        "type": "nvarchar"
                    },
                    {
                        "name": "FirstName",
                        "type": "nvarchar"
                    },
                    {
                        "name": "MiddleName",
                        "type": "nvarchar"
                    },
                    {
                        "name": "LastName",
                        "type": "nvarchar"
                    },
                    {
                        "name": "NameStyle",
                        "type": "bit"
                    },
                    {
                        "name": "BirthDate",
                        "type": "date"
                    },
                    {
                        "name": "MaritalStatus",
                        "type": "nchar"
                    },
                    {
                        "name": "Suffix",
                        "type": "nvarchar"
                    },
                    {
                        "name": "Gender",
                        "type": "nvarchar"
                    },
                    {
                        "name": "EmailAddress",
                        "type": "nvarchar"
                    },
                    {
                        "name": "YearlyIncome",
                        "type": "money",
                        "precision": 19,
                        "scale": 4
                    },
                    {
                        "name": "TotalChildren",
                        "type": "tinyint",
                        "precision": 3
                    },
                    {
                        "name": "NumberChildrenAtHome",
                        "type": "tinyint",
                        "precision": 3
                    },
                    {
                        "name": "EnglishEducation",
                        "type": "nvarchar"
                    },
                    {
                        "name": "SpanishEducation",
                        "type": "nvarchar"
                    },
                    {
                        "name": "FrenchEducation",
                        "type": "nvarchar"
                    },
                    {
                        "name": "EnglishOccupation",
                        "type": "nvarchar"
                    },
                    {
                        "name": "SpanishOccupation",
                        "type": "nvarchar"
                    },
                    {
                        "name": "FrenchOccupation",
                        "type": "nvarchar"
                    },
                    {
                        "name": "HouseOwnerFlag",
                        "type": "nchar"
                    },
                    {
                        "name": "NumberCarsOwned",
                        "type": "tinyint",
                        "precision": 3
                    },
                    {
                        "name": "AddressLine1",
                        "type": "nvarchar"
                    },
                    {
                        "name": "AddressLine2",
                        "type": "nvarchar"
                    },
                    {
                        "name": "Phone",
                        "type": "nvarchar"
                    },
                    {
                        "name": "DateFirstPurchase",
                        "type": "date"
                    },
                    {
                        "name": "CommuteDistance",
                        "type": "nvarchar"
                    }
                ],
                "typeProperties": {
                    "schema": {
                        "value": "@dataset().VAR_SCHEMA",
                        "type": "Expression"
                    },
                    "table": {
                        "value": "@dataset().VAR_TABLE",
                        "type": "Expression"
                    }
                }
            },
            "dependsOn": [
                "[concat(variables('factoryId'), '/linkedServices/LS_MS_SQLDB')]"
            ]
        },
        {
            "name": "[concat(parameters('factoryName'), '/DS_ASQL_ADVWRKS_TABLE')]",
            "type": "Microsoft.DataFactory/factories/datasets",
            "apiVersion": "2018-06-01",
            "properties": {
                "linkedServiceName": {
                    "referenceName": "LS_AZ_SQLDB",
                    "type": "LinkedServiceReference",
                    "parameters": {
                        "VAR_DBNAME": "dbs4advwrks"
                    }
                },
                "parameters": {
                    "VAR_SCHEMA": {
                        "type": "string",
                        "defaultValue": "dbo"
                    },
                    "VAR_TABLE": {
                        "type": "string",
                        "defaultValue": "DimCustomer"
                    }
                },
                "annotations": [],
                "type": "AzureSqlTable",
                "schema": [],
                "typeProperties": {
                    "schema": {
                        "value": "@dataset().VAR_SCHEMA",
                        "type": "Expression"
                    },
                    "table": {
                        "value": "@dataset().VAR_TABLE",
                        "type": "Expression"
                    }
                }
            },
            "dependsOn": [
                "[concat(variables('factoryId'), '/linkedServices/LS_AZ_SQLDB')]"
            ]
        },
        {
            "name": "[concat(parameters('factoryName'), '/DS_STAGE_FACT_INTERNET_SALES')]",
            "type": "Microsoft.DataFactory/factories/datasets",
            "apiVersion": "2018-06-01",
            "properties": {
                "linkedServiceName": {
                    "referenceName": "LS_AZ_SQLDB",
                    "type": "LinkedServiceReference",
                    "parameters": {
                        "VAR_DBNAME": "dbs4advwrks"
                    }
                },
                "parameters": {
                    "VAR_SCHEMA": {
                        "type": "string",
                        "defaultValue": "stage"
                    },
                    "VAR_TABLE": {
                        "type": "string",
                        "defaultValue": "FactInternetSales"
                    }
                },
                "folder": {
                    "name": "Data flows"
                },
                "annotations": [],
                "type": "AzureSqlTable",
                "schema": [],
                "typeProperties": {
                    "schema": {
                        "value": "@dataset().VAR_SCHEMA",
                        "type": "Expression"
                    },
                    "table": {
                        "value": "@dataset().VAR_TABLE",
                        "type": "Expression"
                    }
                }
            },
            "dependsOn": [
                "[concat(variables('factoryId'), '/linkedServices/LS_AZ_SQLDB')]"
            ]
        },
        {
            "name": "[concat(parameters('factoryName'), '/DS_DBO_FACT_INTERNET_SALES')]",
            "type": "Microsoft.DataFactory/factories/datasets",
            "apiVersion": "2018-06-01",
            "properties": {
                "linkedServiceName": {
                    "referenceName": "LS_AZ_SQLDB",
                    "type": "LinkedServiceReference",
                    "parameters": {
                        "VAR_DBNAME": "dbs4advwrks"
                    }
                },
                "parameters": {
                    "VAR_SCHEMA": {
                        "type": "string",
                        "defaultValue": "dbo"
                    },
                    "VAR_TABLE": {
                        "type": "string",
                        "defaultValue": "FactInternetSales"
                    }
                },
                "folder": {
                    "name": "Data flows"
                },
                "annotations": [],
                "type": "AzureSqlTable",
                "schema": [],
                "typeProperties": {
                    "schema": {
                        "value": "@dataset().VAR_SCHEMA",
                        "type": "Expression"
                    },
                    "table": {
                        "value": "@dataset().VAR_TABLE",
                        "type": "Expression"
                    }
                }
            },
            "dependsOn": [
                "[concat(variables('factoryId'), '/linkedServices/LS_AZ_SQLDB')]"
            ]
        },
        {
            "name": "[concat(parameters('factoryName'), '/MDF_AGG_SALES_DATA_4RPTS')]",
            "type": "Microsoft.DataFactory/factories/dataflows",
            "apiVersion": "2018-06-01",
            "properties": {
                "type": "MappingDataFlow",
                "typeProperties": {
                    "sources": [
                        {
                            "dataset": {
                                "referenceName": "FX_DATA_MART_VIEW",
                                "type": "DatasetReference"
                            },
                            "name": "SrcDataMartView"
                        }
                    ],
                    "sinks": [
                        {
                            "dataset": {
                                "referenceName": "FX_SALES_YEAR_MONTH_REGION",
                                "type": "DatasetReference"
                            },
                            "name": "DstSalesYearMonthRegion"
                        }
                    ],
                    "transformations": [
                        {
                            "name": "AggGroupNSumData"
                        },
                        {
                            "name": "SelRenameCols"
                        }
                    ],
                    "script": "source(output(\n\t\tEnglishProductCategoryName as string,\n\t\tModel as string,\n\t\tCustomerKey as integer,\n\t\tRegion as string,\n\t\tAge as integer,\n\t\tIncomeGroup as string,\n\t\tCalendarYear as integer,\n\t\tFiscalYear as integer,\n\t\tMonth as integer,\n\t\tOrderNumber as string,\n\t\tLineNumber as integer,\n\t\tQuantity as integer,\n\t\tAmount as float\n\t),\n\tallowSchemaDrift: true,\n\tvalidateSchema: false,\n\tisolationLevel: 'READ_UNCOMMITTED',\n\tformat: 'table') ~> SrcDataMartView\nSrcDataMartView aggregate(groupBy(CalendarYear = CalendarYear,\n\t\tMonth = Month,\n\t\tRegion = Region,\n\t\tModel = Model),\n\tTotalQty = sum(Quantity),\n\t\tTotalAmt = sum(Amount)) ~> AggGroupNSumData\nAggGroupNSumData select(mapColumn(\n\t\tRptYear = CalendarYear,\n\t\tRptMonth = Month,\n\t\tRptRegion = Region,\n\t\tModelNo = Model,\n\t\tTotalQty,\n\t\tTotalAmt\n\t),\n\tskipDuplicateMapInputs: true,\n\tskipDuplicateMapOutputs: true) ~> SelRenameCols\nSelRenameCols sink(input(\n\t\tRptYear as integer,\n\t\tRptMonth as integer,\n\t\tRptRegion as string,\n\t\tModelNo as string,\n\t\tTotalQty as integer,\n\t\tTotalAmt as decimal(19,4)\n\t),\n\tallowSchemaDrift: true,\n\tvalidateSchema: false,\n\tdeletable:false,\n\tinsertable:true,\n\tupdateable:false,\n\tupsertable:false,\n\ttruncate:true,\n\tformat: 'table',\n\tskipDuplicateMapInputs: true,\n\tskipDuplicateMapOutputs: true) ~> DstSalesYearMonthRegion"
                }
            },
            "dependsOn": [
                "[concat(variables('factoryId'), '/datasets/FX_DATA_MART_VIEW')]",
                "[concat(variables('factoryId'), '/datasets/FX_SALES_YEAR_MONTH_REGION')]"
            ]
        },
        {
            "name": "[concat(parameters('factoryName'), '/WDF_AGG_SALES_DATA_4RPTS')]",
            "type": "Microsoft.DataFactory/factories/dataflows",
            "apiVersion": "2018-06-01",
            "properties": {
                "type": "WranglingDataFlow",
                "typeProperties": {
                    "sources": [
                        {
                            "name": "FX_DATA_MART_VIEW",
                            "script": "",
                            "dataset": {
                                "referenceName": "FX_DATA_MART_VIEW",
                                "type": "DatasetReference"
                            }
                        }
                    ],
                    "sinks": [
                        {
                            "name": "Sink1",
                            "dataset": {
                                "referenceName": "FX_SALES_YEAR_MONTH_REGION",
                                "type": "DatasetReference"
                            },
                            "script": "sink(input(\n\t\tRptYear as integer,\n\t\tRptMonth as integer,\n\t\tRptRegion as string,\n\t\tModelNo as string,\n\t\tTotalQty as integer,\n\t\tTotalAmt as decimal(19,4)\n\t),\n\tallowSchemaDrift: true,\n\tvalidateSchema: false,\n\tdeletable:false,\n\tinsertable:true,\n\tupdateable:false,\n\tupsertable:false,\n\ttruncate:true,\n\tformat: 'table',\n\tskipDuplicateMapInputs: true,\n\tskipDuplicateMapOutputs: true) ~> Sink1"
                        }
                    ],
                    "script": "section Section1;\r\nshared FX_DATA_MART_VIEW = let\r\n  AdfDoc = Sql.Database(\"svr4tips2020.database.windows.net\", \"dbs4advwrks\"),\r\n  InputTable = AdfDoc{[Schema = \"dbo\", Item = \"vDMPrep\"]}[Data]\r\nin\r\n  InputTable;\r\nshared UserQuery = let\r\n  Source = FX_DATA_MART_VIEW,\r\n  #\"Removed columns\" = Table.RemoveColumns(Source, {\"EnglishProductCategoryName\", \"CustomerKey\", \"Age\", \"IncomeGroup\", \"FiscalYear\", \"OrderNumber\", \"LineNumber\"}),\r\n  #\"Reordered columns\" = Table.ReorderColumns(#\"Removed columns\", {\"CalendarYear\", \"Month\", \"Region\", \"Model\", \"Quantity\", \"Amount\"}),\r\n  #\"Renamed columns\" = Table.RenameColumns(#\"Reordered columns\", {{\"CalendarYear\", \"RptYear\"}, {\"Month\", \"RptMonth\"}, {\"Region\", \"RptRegion\"}, {\"Model\", \"ModelNo\"}}),\r\n  #\"Grouped rows\" = Table.Group(#\"Renamed columns\", {\"RptYear\", \"RptMonth\", \"RptRegion\", \"ModelNo\"}, {{\"TotalQty\", each List.Sum([Quantity]), type number}, {\"TotalAmt\", each List.Sum([Amount]), type number}})\r\nin\r\n  #\"Grouped rows\";\r\n"
                }
            },
            "dependsOn": [
                "[concat(variables('factoryId'), '/datasets/FX_DATA_MART_VIEW')]",
                "[concat(variables('factoryId'), '/datasets/FX_SALES_YEAR_MONTH_REGION')]"
            ]
        }
    ]
}